{"cameraMode":{"drawMode":0,"name":"Shaded","section":"Shading Mode"},"sceneLighting":true,"audioPlay":false,"sceneViewState":{"m_AlwaysRefresh":false,"showFog":true,"showSkybox":true,"showFlares":true,"showImageEffects":true,"showParticleSystems":true,"showVisualEffectGraphs":true,"m_FxEnabled":true},"in2DMode":false,"pivot":{"x":-0.1083841323852539,"y":-423.5286560058594,"z":152.9954071044922},"rotation":{"x":-0.5730408430099487,"y":0.0076233819127082829,"z":-0.005318408366292715,"w":-0.8195341229438782},"size":230.46145629882813,"orthographic":false}